method,mean_abs_rho,n_panels
QUBO,0.30538106231831447,40
LASSO,0.3179324580075319,40
mRMR,0.32408840677651785,40
DE_top,0.471201904502961,40
HVG,0.4816289377303333,40
ElasticNet,0.5858835170052638,40
