method,mean_abs_rho,n_panels
QUBO,0.2467059334218974,119
mRMR,0.2791342772523681,119
LASSO,0.2964533591936808,119
DE_top,0.3745551280218233,119
ElasticNet,0.4468026759479752,119
HVG,0.4649774894519969,119
